specialty,topic,questions,directTableMapped,productionEligibleMapped
knee-sports,acl-tear,115,115,115
trauma,ankle-fractures,98,98,0
shoulder-elbow,rotator-cuff-tears,82,82,0
shoulder-elbow,traumatic-anterior-shoulder-instability-tubs,75,75,0
trauma,acetabular-fractures,74,74,0
trauma,tibial-plateau-fractures,68,68,0
recon,prosthetic-joint-infection,64,64,0
trauma,pelvic-ring-fractures,64,64,0
trauma,femoral-neck-fractures,64,64,0
trauma,tibial-shaft-fractures,63,63,0
trauma,femoral-shaft-fractures,60,60,0
pediatrics,supracondylar-fracture-pediatric,58,58,0
trauma,proximal-humerus-fractures,57,0,0
spine,cervical-myelopathy,53,53,0
foot-ankle,hallux-valgus,52,52,0
foot-ankle,posterior-tibial-tendon-insufficiency-ptti,50,50,0
spine,lumbar-disc-herniation,49,49,0
trauma,calcaneus-fractures,48,48,0
trauma,evaluation-resuscitation-and-dco,48,0,0
basic-science,legal-considerations-in-orthopaedic-practice,48,0,0
trauma,humeral-shaft-fractures,47,47,0
shoulder-elbow,total-shoulder-arthroplasty,47,0,0
pathology,metastatic-disease-extremity,46,0,0
shoulder-elbow,reverse-shoulder-arthroplasty,46,0,0
recon,tha-periprosthetic-fracture,44,0,0
basic-science,statistic-definitions,44,0,0
pediatrics,osteomyelitis-pediatric,43,0,0
foot-ankle,ankle-sprain,43,0,0
trauma,amputations,42,0,0
pediatrics,developmental-dysplasia-the-hip-ddh,42,0,0
trauma,distal-radius-fractures,41,41,0
basic-science,osteopenia-and-osteoporosis,41,0,0
spine,cervical-radiculopathy,40,40,0
trauma,intertrochanteric-fractures,40,40,0
pediatrics,slipped-capital-femoral-epiphysis-scfe,38,0,0
shoulder-elbow,distal-biceps-avulsion,38,0,0
recon,tha-revision,37,0,0
spine,lumbar-spinal-stenosis,36,0,0
recon,tka-prosthesis-design,36,0,0
shoulder-elbow,medial-ulnar-collateral-ligament-injury,36,0,0
pediatrics,pediatric-abuse,35,0,0
foot-ankle,diabetic-foot-ulcers,35,35,0
spine,adolescent-idiopathic-scoliosis,35,35,0
basic-science,orthopaedic-implants,34,0,0
basic-science,rheumatoid-arthritis,34,34,0
basic-science,material-properties,34,0,0
foot-ankle,lisfranc-injury,34,0,0
foot-ankle,hallux-rigidus-mtp-joint-arthritis,34,0,0
pathology,conventional-intramedullary-osteosarcoma,32,32,0
recon,wear-and-osteolysis-basic-science,32,0,0
knee-sports,meniscal-tears,32,0,0
spine,adult-spinal-deformity,32,0,0
pediatrics,femoral-shaft-fractures-pediatric,31,0,0
pediatrics,hip-septic-arthritis-pediatric,30,0,0
knee-sports,patellar-instability,30,30,30
knee-sports,femoroacetabular-impingement-fai,30,0,0
recon,tka-revision,29,0,0
recon,tka-periprosthetic-fracture,28,0,0
pathology,giant-cell-tumor,28,28,0
trauma,talar-neck-fractures,28,28,0
knee-sports,concussions-mild-traumatic-brain-injury,28,0,0
trauma,open-fractures-management,28,0,0
spine,spinal-cord-injuries,27,0,0
basic-science,bone-grafting,27,0,0
trauma,tibial-plafond-fractures,27,27,0
basic-science,fracture-healing,26,0,0
trauma,distal-humerus-fractures,26,26,0
knee-sports,exercise-science,26,0,0
hand,peripheral-nerve-injury-and-repair,26,0,0
shoulder-elbow,posterior-shoulder-instability-and-dislocation,26,0,0
trauma,terrible-triad-injury-elbow,25,0,0
pathology,soft-tissue-sarcoma,25,25,0
spine,degenerative-spondylolisthesis,25,0,0
foot-ankle,achilles-tendon-rupture,25,0,0
spine,ankylosing-spondylitis,25,0,0
recon,tha-dislocation,25,0,0
knee-sports,articular-cartilage-defects-knee,25,0,0
pediatrics,obstetric-brachial-plexopathy-erb-s-klumpke-s-palsy,25,0,0
pediatrics,clubfoot-congenital-talipes-equinovarus,24,0,0
pathology,osteochondroma-and-multiple-hereditary-exostosis,24,0,0
pathology,chondrosarcoma,24,24,0
hand,carpal-tunnel-syndrome,24,0,0
recon,unicompartmental-knee-replacement,24,0,0
trauma,proximal-third-tibia-fracture,24,24,0
spine,odontoid-fracture,24,0,0
shoulder-elbow,suprascapular-neuropathy,23,0,0
trauma,leg-compartment-syndrome,23,23,0
foot-ankle,5th-metatarsal-base-fracture,23,0,0
foot-ankle,peroneal-tendon-tears-and-instability,23,0,0
basic-science,anticoagulation-medications,22,0,0
shoulder-elbow,adhesive-capsulitis-frozen-shoulder,22,0,0
trauma,clavicle-fractures-midshaft,22,0,0
recon,knee-osteoarthritis,22,0,0
hand,fingertip-amputations-and-finger-flaps,21,0,0
pediatrics,tarsal-coalition,21,21,0
pediatrics,distal-femoral-physeal-fractures-pediatric,21,0,0
recon,tha-stability-techniques,21,0,0
foot-ankle,diabetic-charcot-neuropathy,21,0,0
spine,thoracolumbar-burst-fractures,21,0,0
trauma,subtrochanteric-fractures,20,20,0
pathology,metastatic-disease-spine,20,0,0
knee-sports,pcl-injury,20,0,0
basic-science,articular-cartilage,20,0,0
pediatrics,neurofibromatosis,20,0,0
trauma,radial-head-fractures,20,20,0
trauma,knee-dislocation,20,20,0
basic-science,complex-regional-pain-syndrome-crps,19,0,0
trauma,distal-femur-fractures,19,19,0
trauma,radius-and-ulnar-shaft-fractures,19,0,0
pathology,pigmented-villonodular-synovitis,19,0,0
pediatrics,duchenne-muscular-dystrophy,19,0,0
pediatrics,charcot-marie-tooth-disease,18,0,0
hand,flexor-tendon-injuries,18,0,0
spine,pediatric-spondylolysis-and-spondylolisthesis,18,0,0
pathology,unicameral-bone-cyst,18,0,0
pathology,enchondromas,18,0,0
pediatrics,leg-length-discrepancy-lld,18,0,0
basic-science,thromboembolism-pe-and-dvt-prophylaxis,18,0,0
shoulder-elbow,glenohumeral-internal-rotation-deficit-gird,18,0,0
basic-science,ethics-in-orthopaedic-practice,18,0,0
spine,incomplete-spinal-cord-injuries,18,0,0
basic-science,bisphosphonates,18,0,0
knee-sports,osteochondritis-dissecans,18,0,0
pathology,liposarcoma,18,0,0
foot-ankle,ankle-arthrodesis,18,0,0
hand,phalanx-fractures,18,0,0
pathology,paget-s-disease,17,0,0
hand,replantation,17,0,0
recon,tka-sagittal-plane-balancing,17,0,0
recon,tha-sciatic-nerve-palsy,17,0,0
basic-science,antibiotic-classification-and-mechanism,17,0,0
pediatrics,cavovarus-foot-in-pediatrics-and-adults,17,0,0
shoulder-elbow,acromioclavicular-joint-injury,17,0,0
hand,kienbock-s-disease,17,0,0
foot-ankle,ankle-arthritis,17,0,0
hand,scaphoid-fracture,16,0,0
knee-sports,discoid-meniscus,16,0,0
basic-science,bone-cells,16,0,0
recon,tka-patellofemoral-alignment,16,0,0
basic-science,clinical-trial-design,16,0,0
shoulder-elbow,rotator-cuff-arthropathy,16,0,0
spine,intervertebral-disc,16,0,0
pediatrics,medial-epicondylar-fractures-pediatric,16,0,0
pediatrics,achondroplasia,16,0,0
pathology,osteoid-osteoma,16,0,0
spine,adult-isthmic-spondylolisthesis,16,0,0
hand,metacarpal-fractures,16,0,0
pathology,synovial-sarcoma,15,0,0
pediatrics,infantile-blount-s-disease-tibia-vara,15,0,0
pediatrics,osteogenesis-imperfecta,15,0,0
trauma,gun-shot-wounds,15,0,0
shoulder-elbow,slap-lesion,15,0,0
trauma,osteomyelitis-adult,15,0,0
foot-ankle,osteochondral-lesions-the-talus,15,0,0
hand,basilar-thumb-arthritis,15,0,0
shoulder-elbow,total-elbow-arthroplasty,15,0,0
spine,osteoporotic-vertebral-compression-fracture,15,0,0
knee-sports,the-female-athlete,14,0,0
basic-science,rehab-and-prosthetics,14,0,0
pathology,ewing-s-sarcoma,14,0,0
hand,dupuytren-s-disease,14,0,0
trauma,septic-arthritis-adult,14,0,0
pediatrics,physeal-considerations,14,0,0
basic-science,rickets,14,0,0
pediatrics,proximal-femur-fractures-pediatric,14,0,0
trauma,domestic-and-elder-abuse,14,0,0
trauma,brachial-plexus-injuries,14,0,0
hand,cubital-tunnel-syndrome,14,0,0
recon,high-tibial-osteotomy,14,0,0
pathology,biopsy-principles,14,0,0
shoulder-elbow,lateral-ulnar-collateral-ligament-injury-plri,14,0,0
recon,adult-hip-dysplasia,14,0,0
recon,tha-trunnionosis,14,0,0
foot-ankle,foot-muscle-forces-and-deformities,13,0,0
trauma,necrotizing-fasciitis,13,0,0
pathology,non-ossifying-fibroma,13,0,0
trauma,elbow-dislocation,13,0,0
hand,phalanx-dislocations,13,0,0
trauma,scapula-fractures,13,13,0
shoulder-elbow,internal-impingement,13,0,0
foot-ankle,achilles-tendonitis,13,0,0
shoulder-elbow,lateral-epicondylitis-tennis-elbow,13,0,0
recon,tha-pseudotumor-metal-on-metal-reactions,13,0,0
shoulder-elbow,elbow-arthritis,13,0,0
foot-ankle,interdigital-morton-s-neuroma,13,0,0
trauma,olecranon-fractures,12,12,0
trauma,capitellum-fractures,12,0,0
shoulder-elbow,scapular-winging,12,0,0
recon,hip-osteonecrosis,12,0,0
hand,scaphoid-lunate-advanced-collapse-slac,12,0,0
shoulder-elbow,multidirectional-shoulder-instability-mdi,12,0,0
hand,extremity-flap-reconstruction,12,0,0
trauma,sacral-fractures,12,0,0
spine,halo-orthosis-immobilization,12,0,0
pathology,chondroblastoma,12,0,0
foot-ankle,bunionette-deformity,12,0,0
trauma,coronoid-fractures,12,0,0
spine,congenital-scoliosis,11,0,0
recon,tka-coronal-plane-balancing,11,0,0
knee-sports,cardiac-conditions,11,0,0
basic-science,inheritance-patterns-orthopaedic-syndromes,11,0,0
basic-science,bone-signaling-and-rankl,11,0,0
trauma,subtalar-dislocations,11,0,0
recon,tha-prosthesis-design,11,0,0
pathology,heterotopic-ossification,11,0,0
basic-science,anti-inflammatory-medications,11,0,0
knee-sports,exertional-compartment-syndrome,11,0,0
pediatrics,distal-radius-fractures-pediatric,11,0,0
shoulder-elbow,glenohumeral-arthritis-shoulder-arthritis,11,0,0
recon,tka-extensor-mechanism-rupture,11,0,0
recon,hip-resurfacing,11,0,0
knee-sports,hip-arthroscopy,11,0,0
pathology,aneurysmal-bone-cyst,11,0,0
pediatrics,cerebral-palsy-general,11,0,0
pediatrics,lateral-condyle-fracture-pediatric,11,0,0
knee-sports,hamstring-injuries,11,0,0
pediatrics,tibial-tubercle-fracture,11,0,0
trauma,patella-fracture,11,0,0
pathology,multiple-myeloma,11,0,0
hand,radial-clubhand-radial-deficiency,11,0,0
pediatrics,myelodysplasia-myelomeningocele-spinal-bifida,11,0,0
knee-sports,infectious-diseases-in-athletes,11,0,0
shoulder-elbow,shoulder-prosthetic-joint-infection,11,0,0
pediatrics,accessory-navicular,10,0,0
spine,spinal-epidural-abscess,10,0,0
pediatrics,congenital-vertical-talus,10,0,0
trauma,humeral-shaft-nonunion,10,0,0
basic-science,genetic-pearls,10,0,0
foot-ankle,high-ankle-sprain-and-syndesmosis-injury,10,0,0
knee-sports,patellar-tendon-rupture,10,0,0
pediatrics,osteopetrosis,10,0,0
recon,tha-approaches,10,0,0
pathology,fibrous-dysplasia,10,0,0
spine,cervical-facet-dislocations-and-fractures,10,0,0
pediatrics,marfan-syndrome,10,0,0
pediatrics,cerebral-palsy-hip-conditions,10,0,0
hand,ganglion-cysts,10,0,0
recon,tha-iliopsoas-impingement,10,0,0
spine,adult-pyogenic-vertebral-osteomyelitis,10,0,0
shoulder-elbow,little-leaguer-s-shoulder,10,0,0
foot-ankle,total-ankle-arthroplasty,10,0,0
knee-sports,burners-and-stingers,9,0,0
shoulder-elbow,shoulder-hemiarthroplasty,9,0,0
knee-sports,posterolateral-corner-injury,9,0,0
hand,hook-hamate-fracture,9,0,0
basic-science,gout,9,0,0
foot-ankle,leg-nerve-entrapment-syndromes,9,0,0
recon,hip-osteoarthritis,9,0,0
shoulder-elbow,glenohumeral-joint-anatomy-stabilizer-and-biomechanics,9,0,0
recon,tka-approaches,9,0,0
basic-science,outcome-measure-tools,9,0,0
basic-science,occupational-health,9,0,0
foot-ankle,plantar-fasciitis,9,0,0
pediatrics,tibial-eminence-fracture,9,0,0
pediatrics,monteggia-fracture-pediatric,9,0,0
hand,dip-and-pip-joint-arthritis,9,0,0
pediatrics,tibial-shaft-fractures-pediatric,9,0,0
basic-science,opiates-and-analgesic-medications,9,0,0
shoulder-elbow,elbow-arthroscopy-indications-and-approach,9,0,0
basic-science,bone-growth-factors,9,0,0
shoulder-elbow,valgus-extension-overload-pitcher-s-elbow,9,0,0
pediatrics,spinal-muscular-atrophy,9,0,0
foot-ankle,freiberg-s-disease,9,0,0
spine,dish-diffuse-idiopathic-skeletal-hyperostosis,8,0,0
foot-ankle,metatarsal-fractures,8,0,0
knee-sports,steroids-and-stimulants,8,0,0
shoulder-elbow,biceps-tendonitis,8,0,0
spine,cauda-equina-syndrome,8,0,0
spine,atlas-fractures-and-transverse-ligament-injuries,8,0,0
recon,tka-polyethylene-wear-and-manufacturing,8,0,0
basic-science,tendons,8,0,0
pathology,lymphoma,8,0,0
pediatrics,distal-humerus-physeal-separation-pediatric,8,0,0
trauma,sternoclavicular-dislocation,8,0,0
hand,pyogenic-flexor-tenosynovitis,8,0,0
foot-ankle,tarsal-navicular-fractures,8,0,0
foot-ankle,claw-toe,8,0,0
basic-science,level-evidence,8,0,0
basic-science,muscle-biology-and-physiology,8,0,0
hand,lunate-dislocation-perilunate-dissociation,8,0,0
shoulder-elbow,avascular-necrosis-the-shoulder,8,0,0
trauma,femoral-head-fractures,8,0,0
shoulder-elbow,posterior-labral-tear,8,0,0
pediatrics,both-bone-forearm-fracture-pediatric,8,0,0
recon,tka-stiffness,8,0,0
knee-sports,exertional-heat-illnesses,8,0,0
hand,mcp-dislocations,8,0,0
basic-science,nonunion-and-bone-defects,8,0,0
unknown,unknown,8,0,0
hand,quadriga-effect,7,0,0
trauma,trauma-scoring-systems,7,0,0
pediatrics,proximal-tibia-metaphyseal-fractures-pediatric,7,0,0
foot-ankle,mtp-dislocations,7,0,0
pediatrics,kohler-s-disease,7,0,0
basic-science,juvenile-idiopathic-arthritis,7,0,0
hand,triangular-fibrocartilage-complex-tfcc-injury,7,0,0
spine,rheumatoid-cervical-spondylitis,7,0,0
pediatrics,legg-calve-perthes-disease,7,0,0
knee-sports,neck-injuries-in-athletes,7,0,0
spine,thoracic-disc-herniation,7,0,0
foot-ankle,gait-cycle,7,0,0
spine,spinal-cord-monitoring,7,0,0
knee-sports,anterior-superior-iliac-spine-asis-avulsion,7,0,0
basic-science,sickle-cell-anemia,7,0,0
basic-science,general-and-regional-anesthesia-in-orthopaedics,7,0,0
spine,low-back-pain,7,0,0
trauma,hip-dislocation,7,0,0
pediatrics,posteromedial-tibial-bowing,7,0,0
shoulder-elbow,pectoralis-major-rupture,7,0,0
pediatrics,mucopolysaccharidoses,7,0,0
pediatrics,tillaux-fractures,7,0,0
pediatrics,cerebral-palsy-gait-disorders,7,0,0
foot-ankle,ankle-arthroscopy,7,0,0
knee-sports,spontaneous-osteonecrosis-the-knee-sonk,7,0,0
pathology,extra-abdominal-desmoid-tumor,7,0,0
trauma,monteggia-fractures,7,0,0
recon,tka-postoperative-inpatient-management,7,0,0
hand,ulnar-tunnel-syndrome,7,0,0
recon,ligaments-the-knee,7,0,0
foot-ankle,lower-extremity-os,7,0,0
hand,constrictive-ring-syndrome-streeter-s-dysplasia,7,0,0
hand,mallet-finger,7,0,0
pediatrics,lyme-disease,7,0,0
pediatrics,ankle-fractures-pediatric,7,0,0
pediatrics,pelvis-fractures-pediatric,7,0,0
pathology,neurilemmoma,7,0,0
knee-sports,patellar-tendinitis,7,0,0
spine,juvenile-idiopathic-scoliosis,7,0,0
foot-ankle,midfoot-arthritis,7,0,0
unknown,hip-anterior-approach-smith-petersen,7,0,0
basic-science,molecular-biology-basics,6,0,0
recon,tha-implant-fixation,6,0,0
recon,tka-wound-complications,6,0,0
pathology,hemangioma-soft-tissue,6,0,0
spine,synovial-facet-cyst,6,0,0
recon,tha-acetabular-screw-fixation,6,0,0
pediatrics,radial-head-and-neck-fractures-pediatric,6,0,0
recon,tka-in-patella-baja-prior-hto,6,0,0
trauma,proximal-humerus-fracture-nonunion-and-malunion,6,0,0
spine,chance-fracture-flexion-distraction-injury,6,0,0
pediatrics,arthrogryposis,6,0,0
basic-science,endochondral-bone-formation,6,0,0
hand,scaphoid-fracture-nonunion,6,0,0
basic-science,immunology,6,0,0
pathology,lipomas,6,0,0
shoulder-elbow,calcific-tendonitis,6,0,0
shoulder-elbow,osteochondritis-dissecans-elbow,6,0,0
hand,polydactyly-hand,6,0,0
shoulder-elbow,little-league-elbow,6,0,0
pediatrics,pediatric-trauma-evaluation-and-management,6,0,0
trauma,talus-fracture-other-than-neck,6,0,0
hand,thumb-collateral-ligament-injury,6,0,0
basic-science,clinical-billing,6,0,0
hand,high-pressure-injection-injuries,6,0,0
pathology,myositis-ossificans,6,0,0
spine,cervical-spine-trauma-evaluation,6,0,0
spine,discogenic-back-pain,6,0,0
trauma,clavicle-fractures-distal,6,0,0
pediatrics,adolescent-blount-s-disease,6,0,0
pathology,undifferentiated-pleomorphic-sarcoma,6,0,0
foot-ankle,tarsal-tunnel-syndrome,6,0,0
pediatrics,fibular-deficiency-anteromedial-bowing,6,0,0
foot-ankle,turf-toe,6,0,0
hand,raynaud-s-syndrome,6,0,0
trauma,hand-and-forearm-compartment-syndrome,6,0,0
hand,scapholunate-ligament-injury-and-disi,6,0,0
foot-ankle,tibiotalar-impingement,5,0,0
pathology,impending-fracture-and-prophylactic-fixation,5,0,0
recon,tka-axial-alignment,5,0,0
hand,trigger-finger,5,0,0
basic-science,fat-embolism-syndrome,5,0,0
hand,jersey-finger,5,0,0
hand,poland-syndrome,5,0,0
hand,ulnocarpal-abutment-syndrome,5,0,0
knee-sports,femoral-neck-stress-fractures,5,0,0
knee-sports,tibial-shaft-stress-fractures,5,0,0
pathology,osteofibrous-dysplasia,5,0,0
hand,sagittal-band-rupture,5,0,0
spine,scheuermann-s-kyphosis,5,0,0
basic-science,cartilage,5,0,0
hand,congenital-radial-ulnar-synostosis,5,0,0
pathology,chordoma,5,0,0
hand,de-quervain-s-tenosynovitis,5,0,0
hand,base-thumb-fractures,5,0,0
shoulder-elbow,elbow-stiffness-and-contractures,5,0,0
recon,tka-instability,5,0,0
knee-sports,snapping-hip-coxa-saltans,5,0,0
pediatrics,flexible-pes-planovalgus-flexible-flatfoot,5,0,0
foot-ankle,hammer-toe,5,0,0
trauma,scapulothoracic-dissociation,5,0,0
spine,lumbar-spine-anatomy,5,0,0
shoulder-elbow,revision-total-elbow-arthroplasty,5,0,0
foot-ankle,anterior-tibialis-tendon-rupture,5,0,0
hand,wrist-ligaments-and-biomechanics,5,0,0
hand,pin-compression-syndrome,5,0,0
recon,tha-other-complications,5,0,0
recon,tha-aseptic-loosening,5,0,0
basic-science,pth-and-vit-d-physiology,5,0,0
shoulder-elbow,shoulder-arthroscopy-indications-and-approach,5,0,0
foot-ankle,foot-puncture-wounds,5,0,0
hand,hypothenar-hammer-syndrome,5,0,0
spine,vertebral-artery-injury,5,0,0
hand,thumb-cmc-dislocation,5,0,0
spine,infantile-idiopathic-scoliosis,5,0,0
hand,extensor-tendon-injuries,5,0,0
hand,ain-compressive-neuropathy,5,0,0
trauma,distal-radial-ulnar-joint-druj-injuries,5,0,0
hand,snapping-extensor-carpi-ulnaris-ecu,5,0,0
pediatrics,cerebral-palsy-upper-extremity-disorders,5,0,0
unknown,ilioinguinal-approach-to-the-acetabulum,5,0,0
unknown,retroperitoneal-anterolateral-approach-to-the-lumbar-spine,5,0,0
pathology,chemotherapy,4,0,0
pediatrics,cleidocranial-dysplasia-dysostosis,4,0,0
recon,tha-leg-length-discrepancy,4,0,0
trauma,wound-and-hardware-infection,4,0,0
recon,tka-vascular-injury-and-bleeding,4,0,0
trauma,isolated-ulnar-shaft-fracture,4,0,0
shoulder-elbow,subacromial-impingement,4,0,0
hand,thumb-hypoplasia,4,0,0
trauma,geriatric-patient-trauma,4,0,0
shoulder-elbow,neuropathic-charcot-joint-shoulder,4,0,0
basic-science,embryology,4,0,0
foot-ankle,fhl-tendonitis-and-injuries,4,0,0
pathology,parosteal-osteosarcoma,4,0,0
recon,tka-peroneal-nerve-palsy,4,0,0
shoulder-elbow,triceps-rupture,4,0,0
recon,hip-biomechanics,4,0,0
foot-ankle,sesamoid-injuries-the-hallux,4,0,0
trauma,si-dislocation-and-crescent-fractures,4,0,0
pediatrics,triplane-fractures,4,0,0
spine,disk-space-infection-pediatric,4,0,0
spine,atlantoaxial-rotatory-displacement-aard,4,0,0
shoulder-elbow,os-acromiale,4,0,0
knee-sports,lcl-injury-the-knee,4,0,0
pathology,adamantinoma,4,0,0
trauma,galeazzi-fractures,4,0,0
pathology,synovial-chondromatosis,4,0,0
basic-science,normal-bone-metabolism,4,0,0
hand,scaphoid-nonunion-advanced-collapse-snac,4,0,0
shoulder-elbow,quadrilateral-space-syndrome,4,0,0
hand,radial-tunnel-syndrome,4,0,0
hand,flexor-pulley-system,4,0,0
knee-sports,visceral-blunt-trauma,4,0,0
knee-sports,quadriceps-contusion,4,0,0
pediatrics,proximal-humerus-fracture-pediatric,4,0,0
pathology,squamous-cell-carcinoma,4,0,0
basic-science,psoriatic-arthritis,4,0,0
pathology,eosinophilic-granuloma,4,0,0
hand,mcp-joint-arthritis,4,0,0
pediatrics,proximal-femoral-focal-deficiency,4,0,0
hand,frostbite,4,0,0
recon,tha-templating,4,0,0
foot-ankle,synovitis-2nd-mtp,4,0,0
knee-sports,anterior-inferior-iliac-spine-avulsion-aiis,4,0,0
hand,congenital-trigger-thumb,4,0,0
pediatrics,elbow-dislocation-pediatric,4,0,0
shoulder-elbow,biceps-subluxation,4,0,0
knee-sports,osgood-schlatter-s-disease-tibial-tubercle-apophysitis,4,0,0
pathology,melanoma,4,0,0
basic-science,prophylactic-antibiotics,4,0,0
shoulder-elbow,medial-epicondylitis-golfer-s-elbow,4,0,0
hand,seymour-fracture,4,0,0
pathology,epithelioid-sarcoma,4,0,0
knee-sports,ear-eye-mouth-injuries,4,0,0
pediatrics,sever-s-disease,4,0,0
spine,sacroiliac-joint-dysfunction,4,0,0
pediatrics,down-syndrome,4,0,0
foot-ankle,hallux-varus,4,0,0
recon,adult-limb-deformity-and-correction,4,0,0
unknown,hip-direct-lateral-approach-hardinge-transgluteal,4,0,0
pediatrics,olecranon-fractures-pediatric,3,0,0
basic-science,bone-matrix,3,0,0
basic-science,ligaments,3,0,0
knee-sports,lateral-patellar-compression-syndrome,3,0,0
spine,spinal-cord-anatomy,3,0,0
spine,spinal-tuberculosis,3,0,0
pediatrics,diastrophic-dysplasia,3,0,0
basic-science,bone-remodeling,3,0,0
spine,pediatric-cervical-trauma-overview,3,0,0
pathology,bone-tumor-staging-systems,3,0,0
basic-science,synovium-and-synovial-fluid,3,0,0
pathology,periosteal-osteosarcoma,3,0,0
foot-ankle,foot-anatomy-and-biomechanics,3,0,0
knee-sports,mcl-knee-injuries,3,0,0
pathology,rhabdomyosarcoma,3,0,0
basic-science,renal-osteodystrophy,3,0,0
foot-ankle,poliomyelitis,3,0,0
hand,intersection-syndrome,3,0,0
spine,cervical-spine-anatomy,3,0,0
pediatrics,multiple-epiphyseal-dysplasia-med,3,0,0
hand,intrinsic-plus-hand,3,0,0
foot-ankle,ankle-ligaments,3,0,0
pediatrics,internal-tibial-torsion,3,0,0
hand,madelung-s-deformity,3,0,0
pathology,telangiectatic-intramedullary-osteosarcoma,3,0,0
hand,tendon-transfer-principles,3,0,0
pathology,radiation-therapy,3,0,0
spine,occipitocervical-instability,3,0,0
shoulder-elbow,phases-throwing,3,0,0
pediatrics,genu-valgum-knocked-knees,3,0,0
basic-science,platelet-rich-plasma,3,0,0
pathology,pleomorphic-sarcoma-bone-malignant-fibrous-histiocytoma,3,0,0
basic-science,hyperparathyroidism,3,0,0
pediatrics,bipartite-patella,3,0,0
pediatrics,congenital-dislocation-the-knee,3,0,0
knee-sports,quadriceps-tendon-rupture,3,0,0
pediatrics,humeral-shaft-fracture-pediatric,3,0,0
pediatrics,transient-synovitis-hip,3,0,0
recon,hip-hemiarthroplasty-periprosthetic-fracture,3,0,0
knee-sports,adductor-strain,3,0,0
knee-sports,meniscus,3,0,0
foot-ankle,nerves-the-foot,3,0,0
hand,pronator-syndrome,3,0,0
hand,giant-cell-tumor-tendon-sheath,3,0,0
shoulder-elbow,shoulder-periprosthetic-fracture,3,0,0
hand,ulnar-styloid-impaction-syndrome,3,0,0
pediatrics,cerebral-palsy-foot-conditions,3,0,0
spine,ossification-the-posterior-longitudinal-ligament,3,0,0
knee-sports,pulmonary-conditions-in-athletes,3,0,0
basic-science,operative-blood-loss-and-transfusion,3,0,0
recon,tka-patellar-maltracking,3,0,0
pediatrics,femoral-anteversion,3,0,0
basic-science,hemophilia,3,0,0
unknown,extensile-extended-iliofemoral-approach-to-acetabulum,3,0,0
unknown,anterior-approach-to-cervical-spine,3,0,0
unknown,posterior-approach-to-the-acetabulum-kocher-langenbeck,3,0,0
basic-science,bone-circulation,2,0,0
pediatrics,ehlers-danlos-syndrome,2,0,0
spine,spine-surgical-site-infections,2,0,0
pediatrics,larsen-s-syndrome,2,0,0
trauma,distal-radius-malunion,2,0,0
pediatrics,anterolateral-bowing-and-congenital-pseudoarthrosis-tibia,2,0,0
pediatrics,sprengel-s-deformity,2,0,0
hand,boutonniere-deformity,2,0,0
hand,blood-supply-to-hand,2,0,0
hand,ulnar-variance,2,0,0
pediatrics,traumatic-hip-dislocation-pediatric,2,0,0
anatomy,subscapularis,2,0,0
shoulder-elbow,shoulder-arthrodesis,2,0,0
recon,tha-rehabilitation,2,0,0
knee-sports,knee-imaging,2,0,0
recon,alignment,2,0,0
anatomy,piriformis,2,0,0
pediatrics,nursemaid-s-elbow,2,0,0
pathology,bone-infarct,2,0,0
recon,tha-vascular-injury-and-bleeding,2,0,0
spine,thoracic-spine-anatomy,2,0,0
shoulder-elbow,distal-clavicle-osteolysis,2,0,0
basic-science,informed-consent-and-time-out,2,0,0
basic-science,hypophosphatasia,2,0,0
spine,atlantoaxial-instability,2,0,0
hand,nail-bed-injury,2,0,0
spine,congenital-muscular-torticollis,2,0,0
pediatrics,external-tibial-torsion,2,0,0
pathology,intramuscular-myxomas,2,0,0
pediatrics,patella-sleeve-fracture,2,0,0
spine,pathologic-scoliosis,2,0,0
trauma,other-trauma-topics,2,0,0
hand,apert-syndrome,2,0,0
pediatrics,distal-clavicle-physeal-fractures,2,0,0
anatomy,sciatic-nerve,2,0,0
pathology,glomus-tumor,2,0,0
spine,klippel-feil-syndrome,2,0,0
anatomy,radial-nerve,2,0,0
basic-science,ochronosis,2,0,0
pathology,melorheostosis,2,0,0
hand,carpal-instability-nondissociative-cind,2,0,0
pathology,chondromyxoid-fibroma,2,0,0
trauma,gustilo-classification,2,0,0
anatomy,axillary-nerve,2,0,0
knee-sports,idiopathic-chondromalacia-patellae,2,0,0
hand,congenital-radial-head-dislocation,2,0,0
spine,lower-extremity-spine-exam,2,0,0
shoulder-elbow,shoulder-exam,2,0,0
pathology,neurofibroma,2,0,0
shoulder-elbow,brachial-neuritis-parsonage-turner-syndrome,2,0,0
spine,cervical-disc-arthroplasty,2,0,0
recon,tka-patellar-prosthesis-loosening,2,0,0
recon,patellar-clunk-syndrome,2,0,0
hand,acute-subclavian-artery-thrombosis,2,0,0
shoulder-elbow,elbow-anatomy-and-biomechanics,2,0,0
trauma,femoral-neck-fracture-nonunion,2,0,0
hand,camptodactyly,2,0,0
knee-sports,hip-labral-tear,2,0,0
hand,wrist-arthroscopy,2,0,0
recon,hip-anatomy,2,0,0
spine,sacroiliitis,2,0,0
hand,human-bite,2,0,0
basic-science,deep-vein-thrombosis,2,0,0
recon,tka-aseptic-loosening,2,0,0
pediatrics,medial-clavicle-physeal-fracture,2,0,0
recon,tka-postoperative-rehabilitation-and-outpatient-management,2,0,0
pediatrics,pediatric,2,0,0
hand,gymnast-s-wrist-distal-radial-physeal-stress-syndrome,2,0,0
pediatrics,calcaneovalgus-foot,2,0,0
spine,spine-biomechanics,2,0,0
shoulder-elbow,ac-arthritis,2,0,0
recon,tha-postoperative-inpatient-management,2,0,0
pediatrics,clavicle-shaft-fracture-pediatric,2,0,0
trauma,morel-lavallee-lesion,2,0,0
unknown,hip-posterior-approach-moore-or-southern,2,0,0
unknown,tibia-posterolateral-approach,2,0,0
unknown,hip-medial-approach,2,0,0
unknown,volar-approach-to-radius-henry,2,0,0
unknown,stoppa-approach-to-acetabulum,2,0,0
shoulder-elbow,scapulothoracic-dyskinesis,1,0,0
knee-sports,athletic-pubalgia-and-adductor-strain,1,0,0
hand,congenital-clasped-thumb,1,0,0
foot-ankle,acquired-spastic-equinovarus-deformity,1,0,0
knee-sports,proximal-tib-fib-dislocation,1,0,0
anatomy,abductor-digiti-minimi,1,0,0
pathology,malignant-peripheral-nerve-sheath-tumor,1,0,0
pediatrics,congenital-pseudoarthrosis-clavicle,1,0,0
pediatrics,friedreich-s-ataxia,1,0,0
spine,cervical-myelopathy-tibial-shaft-fractures,1,0,0
shoulder-elbow,acromioclavicular-joint,1,0,0
anatomy,biceps-femoris-short-head,1,0,0
hand,skin-grafting,1,0,0
anatomy,extensor-digitorum-longus,1,0,0
pathology,angiosarcoma,1,0,0
pediatrics,popliteal-cyst-in-children,1,0,0
pediatrics,gaucher-disease,1,0,0
pathology,focal-fibrocartilaginous-dysplasia,1,0,0
hand,digital-artery-aneurysm,1,0,0
knee-sports,popliteal-artery-entrapment-syndrome,1,0,0
knee-sports,iliac-crest-contusion-hip-pointer,1,0,0
shoulder-elbow,thoracic-outlet-syndrome,1,0,0
trauma,intertrochanteric-fractures-tka-patellofemoral,1,0,0
pediatrics,tibial-deficiency,1,0,0
hand,pisiform-fracture,1,0,0
recon,hip-arthrodesis,1,0,0
anatomy,other-anatomy-topics,1,0,0
knee-sports,rectus-femoris-strain,1,0,0
spine,pseudosubluxation-the-cervical-spine,1,0,0
pathology,periosteal-chondromas,1,0,0
pathology,tumoral-calcinosis,1,0,0
hand,macrodactyly-local-gigantism,1,0,0
pediatrics,femoral-anteversion-tka-patellofemoral,1,0,0
foot-ankle,subtalar-arthritis,1,0,0
basic-science,scurvy,1,0,0
anatomy,lumbrical-muscles,1,0,0
pediatrics,bladder-exstrophy,1,0,0
anatomy,forearm-blood-supply,1,0,0
pathology,leiomyosarcoma,1,0,0
pathology,differential-groups,1,0,0
basic-science,lead-toxicity,1,0,0
pediatrics,congenital-curly-toe,1,0,0
anatomy,sartorius,1,0,0
shoulder-elbow,luxatio-erecta-inferior-glenohumeral-joint-dislocation,1,0,0
anatomy,lumbosacral-plexus,1,0,0
knee-sports,piriformis-muscles-syndrome,1,0,0
pediatrics,fractures-pediatric,1,0,0
recon,tka-polyethylene-wear-and-manufacturing-radial-head-and-neck,1,0,0
knee-sports,knee-medial-parapatellar-approach,1,0,0
recon,tka-heterotopic-ossification,1,0,0
spine,cervical-lateral-mass-fracture-separation,1,0,0
knee-sports,osteitis-pubis,1,0,0
shoulder-elbow,arthroplasty,1,0,0
trauma,material-properties-mtp-dislocations,1,0,0
hand,syndactyly,1,0,0
shoulder-elbow,shoulder-imaging,1,0,0
pathology,neuroblastoma,1,0,0
shoulder-elbow,tka-postoperative-rehabilitation-and-outpatient-management-reverse-shoulder,1,0,0
anatomy,anterior-interosseous-nerve,1,0,0
basic-science,hypoparathyroidism,1,0,0
hand,extensor-tendon-compartments,1,0,0
recon,knee-biomechanics,1,0,0
hand,thromboangiitis-obliterans-buerger-s-disease,1,0,0
basic-science,intramembranous-bone-formation,1,0,0
anatomy,ulnar-nerve,1,0,0
spine,cerebral-palsy-spinal-disorders,1,0,0
anatomy,gluteus-medius,1,0,0
knee-sports,rib-stress-fracture,1,0,0
pediatrics,psoas-abscess-pediatric,1,0,0
basic-science,collagen,1,0,0
spine,thoracolumbar-fracture-dislocation,1,0,0
shoulder-elbow,posterior-to-shoulder,1,0,0
hand,felon,1,0,0
spine,traumatic-spondylolisthesis-axis-hangman-s-fracture,1,0,0
hand,nonunion,1,0,0
spine,scoliosis,1,0,0
pediatrics,achondroplasia-scaphoid-fracture,1,0,0
recon,knee-osteoarthritis-adolescent-idiopathic,1,0,0
pathology,other-pathology-topics,1,0,0
trauma,neonatal-forearm-compartment-syndrome,1,0,0
knee-sports,gustilo-classification-hip-labral-tear,1,0,0
hand,deep-space-and-collar-button-infections,1,0,0
anatomy,teres-major,1,0,0
hand,dog-and-cat-bites,1,0,0
basic-science,multiple-sclerosis,1,0,0
anatomy,quadrangular-space-triangular-space-triangular-interval,1,0,0
pediatrics,rett-syndrome,1,0,0
hand,radiocarpal-fracture-dislocation,1,0,0
basic-science,hemophilic-arthropathy,1,0,0
hand,wrist-trauma-radiographic-evaluation,1,0,0
pediatrics,chronic-recurrent-multifocal-osteomyelitis-crmo,1,0,0
spine,spondylolisthesis,1,0,0
trauma,gun-shot-wounds-pediatric-spondylolysis-and,1,0,0
hand,cleft-hand,1,0,0
recon,tka-metal-hypersensitivity,1,0,0
recon,idiopathic-transient-osteoporosis-the-hip-itoh,1,0,0
shoulder-elbow,syndrome-brachial-neuritis-parsonage-turner,1,0,0
foot-ankle,deep-peroneal-nerve-entrapment,1,0,0
spine,neck-and-upper-extremity-spine-exam,1,0,0
spine,injuries,1,0,0
hand,atypical-mycobacterium-infections,1,0,0
hand,nerve-conduction-studies,1,0,0
pediatrics,dysplasia-epiphysealis-hemimelica-trevor-s-disease,1,0,0
shoulder-elbow,elbow-physical-exam,1,0,0
hand,flexor-carpi-radialis-tendinitis,1,0,0
pediatrics,syndactyly-the-toes,1,0,0
spine,spinal-cord-tumors,1,0,0
hand,preiser-s-disease-scaphoid-avn,1,0,0
pediatrics,sacral-agenesis,1,0,0
basic-science,scleroderma,1,0,0
pediatrics,metatarsus-adductus,1,0,0
basic-science,pseudogout-cppd,1,0,0
pediatrics,developmental-coxa-vara,1,0,0
pediatrics,local-gigantism,1,0,0
pediatrics,brachymetatarsia,1,0,0
pediatrics,si-joint-infection-pediatric,1,0,0
knee-sports,history-and-physical-exam-the-knee,1,0,0
basic-science,amyotrophic-lateral-sclerosis-als,1,0,0
shoulder-elbow,olecranon-stress-fracture,1,0,0
spine,cervical-spondylosis,1,0,0
trauma,exercise-science-femoral-shaft-fractures,1,0,0
knee-sports,patellofemoral-joint,1,0,0
hand,intrinsic-minus-hand-claw-hand,1,0,0
trauma,extensile-lateral-approach-to-calcaneus,1,0,0
foot-ankle,orthotics,1,0,0
foot-ankle,blood-supply-to-the-foot,1,0,0
pediatrics,epiphyseal-bracket,1,0,0
pediatrics,polydactyly-foot,1,0,0
trauma,foot-compartment-syndrome,1,0,0
spine,neuromuscular-scoliosis,1,0,0
hand,epidermal-inclusion-cyst,1,0,0
hand,swan-neck-deformity,1,0,0
hand,digital-collateral-ligament-injury,1,0,0
hand,lunotriquetral-ligament-injury-and-visi,1,0,0
spine,subaxial-cervical-vertebral-body-fractures,1,0,0
knee-sports,cervical-myelopathy-acl-tear,1,0,0
spine,cervical-adjacent-segment-disease,1,0,0
shoulder-elbow,biomechanics,1,0,0
knee-sports,plicae,1,0,0
trauma,calcaneus-fractures-incomplete-spinal-cord,1,0,0
hand,physical-exam-the-hand,1,0,0
knee-sports,iliotibial-band-friction-syndrome,1,0,0
recon,tka-kinematic-alignment,1,0,0
shoulder-elbow,clavicle-fractures-midshaft-elbow-anatomy-and,1,0,0
knee-sports,syndrome,1,0,0
pediatrics,beckwith-wiedemann-syndrome,1,0,0
pathology,leukemia,1,0,0
knee-sports,proximal-tibiofibular-joint-ganglion-cysts,1,0,0
pediatrics,congenital-dislocation-patella,1,0,0
trauma,flail-chest,1,0,0
recon,arthroplasty-preoperative-medical-optimization,1,0,0
pathology,dermatofibrosarcoma-protuberans,1,0,0
shoulder-elbow,rotator-cuff-tears-total-shoulder-arthroplasty,1,0,0
hand,wrist-arthritis,1,0,0
knee-sports,quadriceps-tendonitis,1,0,0
pathology,plantar-fibromatosis-ledderhose-disease,1,0,0
trauma,leg-compartment-syndrome-femoral-shaft-fractures,1,0,0
pediatrics,spondyloepiphyseal-dysplasia-sed,1,0,0
pediatrics,congenital-hallux-varus-atavistic-great-toe,1,0,0
spine,syrinx-and-syringomyelia,1,0,0
unknown,talar-neck-fractures-osteogenesis-imperfecta,1,0,0
unknown,orthopaedic-implants-ain-compressive,1,0,0
unknown,neuropathy,1,0,0
unknown,tka-patellofemoral-alignment-hip-resurfacing,1,0,0
unknown,sprengel-s-deformity-rickets,1,0,0
unknown,dorsal-approach-to-radius-thompson,1,0,0
unknown,femur-anteromedial-approach,1,0,0
unknown,prosthetic-joint-infection,1,0,0
unknown,knee-arthroscopy,1,0,0
unknown,adult-isthmic-spondylolisthesis,1,0,0
unknown,hip-anterolateral-approach-watson-jones,1,0,0
unknown,ankle-anterolateral-approach,1,0,0
unknown,ankle-anterior-approach,1,0,0
unknown,radial-head-lateral-approach,1,0,0
unknown,collagen-adhesive-capsulitis-frozen,1,0,0
unknown,osteomyelitis-adult-exertional-compartment,1,0,0
